"Question","Lien"
"Puis-je faire une demande d'acte de naissance pour une personne née à l'étranger ?","https://www.service-public.fr/particuliers/vosdroits/R1406/signaler-un-probleme"
"Comment obtenir un acte d'état civil établi il y a plus de 100 ans ?","https://www.service-public.fr/particuliers/vosdroits/R1406/signaler-un-probleme"
"La demande d'acte d'état civil est-elle payante ?","https://www.service-public.fr/particuliers/vosdroits/R1406/signaler-un-probleme"
"Comment reprendre un dossier de demande d'acte de naissance sauvegardé ou abandonné ?","https://www.service-public.fr/particuliers/vosdroits/R1406/signaler-un-probleme"
"Puis-je faire un changement d'adresse à l'étranger ?","https://www.service-public.fr/particuliers/vosdroits/R11193/signaler-un-probleme"
"Comment faire pour changer l'adresse de ma carte grise (certificat d'immatriculation) ?","https://www.service-public.fr/particuliers/vosdroits/R11193/signaler-un-probleme"
"Pourquoi je n'arrive pas à modifier mon adresse quand les cases sont grisées ?","https://www.service-public.fr/particuliers/vosdroits/R11193/signaler-un-probleme"
"Quels sont les délais pour indiquer mon changement d'adresse ?","https://www.service-public.fr/particuliers/vosdroits/R11193/signaler-un-probleme"
"Ai-je besoin d'un compte service-public.fr pour faire un changement d'adresse ?","https://www.service-public.fr/particuliers/vosdroits/R11193/signaler-un-probleme"
"Comment obtenir mon récépissé de fraude à la carte bancaire ?","https://www.service-public.fr/particuliers/vosdroits/R46526/signaler-un-probleme"
"Comment accéder à la démarche Perceval si je n'ai pas de compte FranceConnect ?","https://www.service-public.fr/particuliers/vosdroits/R46526/signaler-un-probleme"
"Dois-je signaler immédiatement des opérations en crédit anormales sur mon relevé bancaire ?","https://www.service-public.fr/particuliers/vosdroits/R46526/signaler-un-probleme"
"Comment modifier ou supprimer mon signalement de fraude à la carte bancaire ?","https://www.service-public.fr/particuliers/vosdroits/R46526/signaler-un-probleme"
"Puis-je joindre le service de fraude à la carte bancaire par téléphone ?","https://www.service-public.fr/particuliers/vosdroits/R46526/signaler-un-probleme"
"Que faire s'il y a une erreur dans le récépissé de ma démarche de fraude à la carte bancaire ?","https://www.service-public.fr/particuliers/vosdroits/R46526/signaler-un-probleme"
"Dans quel délai vais-je recevoir mon récépissé de fraude à la carte bancaire ?","https://www.service-public.fr/particuliers/vosdroits/R46526/signaler-un-probleme"
"Je ne trouve pas mon récépissé de fraude à la carte bancaire dans mon compte ?","https://www.service-public.fr/particuliers/vosdroits/R46526/signaler-un-probleme"
"Le suivi de demande de carte en grise est-il payant ?","https://www.service-public.fr/particuliers/vosdroits/R20907/signaler-un-probleme"
"Je n'arrive pas à accéder au service de suivi de demande de carte grise ?","https://www.service-public.fr/particuliers/vosdroits/R20907/signaler-un-probleme"
"Où trouver de l'aide pour réaliser mon suivi de demande de carte grise ?","https://www.service-public.fr/particuliers/vosdroits/R20907/signaler-un-probleme"
"Qui contacter en cas de problèmes techniques liés à mon suivi de demande de carte grise ?","https://www.service-public.fr/particuliers/vosdroits/R20907/signaler-un-probleme"
"Comment reprendre un suivi de demande de carte grise sauvegardée ou abandonnée ?","https://www.service-public.fr/particuliers/vosdroits/R20907/signaler-un-probleme"
"Comment trouver le service en ligne de suivi de demande de carte grise ?","https://www.service-public.fr/particuliers/vosdroits/R20907/signaler-un-probleme"
"Comment savoir où en est ma  demande de carte grise ?","https://www.service-public.fr/particuliers/vosdroits/R20907/signaler-un-probleme"
"Dans quel délai ma demande de carte grise sera-t-elle traitée ?","https://www.service-public.fr/particuliers/vosdroits/R20907/signaler-un-probleme"
"Comment rectifier une erreur fait au cours de ma demande de carte grise ?","https://www.service-public.fr/particuliers/vosdroits/R20907/signaler-un-probleme"
"Ma demande de carte grise a-t-elle bien été prise en compte ?","https://www.service-public.fr/particuliers/vosdroits/R20907/signaler-un-probleme"
"Comment récupérer les éléments d'identification nécessaires (identifiant, mot de passe, numéro de dossier, …) pour effectuer mon suivi de demande de carte grise ?","https://www.service-public.fr/particuliers/vosdroits/R20907/signaler-un-probleme"
"Pourquoi faut-il un compte service-public.fr ?","https://www.service-public.fr/P10016"
"Quels sont les liens entre les comptes personnels et les comptes associations ?","https://www.service-public.fr/P10016"
"Comment modifier mon mot de passe sur service-public.fr ?","https://www.service-public.fr/P10016"
"Comment supprimer mon compte service-public.fr ?","https://www.service-public.fr/P10016"
"Comment suivre les opérations que j'ai effectuées sur service-public.fr ?","https://www.service-public.fr/P10016"
"Comment mes données sont-elles protégées sur service-public.fr ?","https://www.service-public.fr/P10016"
"A quoi sert le bouton FranceConnect ?","https://www.service-public.fr/P10016"
"Comment se déconnecter de son compte service-public.fr ?","https://www.service-public.fr/P10016"
"Comment créer un compte pour mon usage personnel et mon ou mes associations ?","https://www.service-public.fr/P10016"
"Comment se connecter à son compte service-public.fr ?","https://www.service-public.fr/P10016"
"Comment stocker mes documents sur service-public.fr ?","https://www.service-public.fr/P10016"
"Comment modifier mes informations personnelles sur service-public.fr ?","https://www.service-public.fr/P10016"
"Que faire si j'ai oublié mon mot de passe sur service-public ?","https://www.service-public.fr/P10016"
"Comment créer un compte service-public.fr ?","https://www.service-public.fr/P10016"
"Qu'est-ce que FranceConnect ?","https://www.service-public.fr/P10013"
"Quels sont les avantages de FranceConnect ?","https://www.service-public.fr/P10013"
"Comment utiliser FranceConnect sur service-public.fr ?","https://www.service-public.fr/P10013"
"Quelles sont les administrations qui permettent la connexion avec FranceConnect ?","https://www.service-public.fr/P10013"
